Bucuresti,Bucuresti
Iasi,Iasi
Cluj-Napoca,Cluj
Timisoara,Timis
Constanta,Constanta
Craiova,Dolj
Galati,Galati
Brasov,Brasov
Ploiesti,Prahova
Braila,Braila
Oradea,Bihor
Bacau,Bacau
Arad,Arad
Pitesti,Arges
Sibiu,Sibiu
Targu Mures,Mures
Baia Mare,Maramures
Buzau,Buzau
Satu Mare,Satu Mare
Botosani,Botosani
Ramnicu Valcea,Valcea
Suceava,Suceava
Piatra Neamt,Neamt
Drobeta-Turnu Severin,Mehedinti
Focsani,Vrancea
Targu Jiu,Gorj
Tulcea,Tulcea
Targoviste,Dambovita
Resita,Caras-Severin
Bistrita,Bistrita-Nasaud
Slatina,Olt
Hunedoara,Hunedoara
Calarasi,Calarasi
Vaslui,Vaslui
Giurgiu,Giurgiu
Roman,Neamt
Deva,Hunedoara
Barlad,Vaslui
Alba Iulia,Alba
Zalau,Salaj
Sfantu Gheorghe,Covasna
Turda,Cluj
Medias,Sibiu
Slobozia,Ialomita
Onesti,Bacau
Alexandria,Teleorman
Petrosani,Hunedoara
Lugoj,Timis
Medgidia,Constanta
Pascani,Iasi
Tecuci,Galati
Miercurea Ciuc,Harghita
Sighetu Marmatiei,Maramures
Mangalia,Constanta
Ramnicu Sarat,Buzau
Campina,Prahova
Dej,Cluj
Campulung,Arges
Odorheiu Secuiesc,Harghita
Reghin,Mures
Mioveni,Arges
Fagaras,Brasov
Caracal,Olt
Fetesti,Ialomita
Curtea de Arges,Arges
Navodari,Constanta
Sighisoara,Mures
Rosiori de Vede,Teleorman
Dorohoi,Botosani
Turnu Magurele,Teleorman
Falticeni,Suceava
Husi,Vaslui
Vulcan,Hunedoara
Radauti,Suceava
Oltenita,Calarasi
Lupeni,Hunedoara
Caransebes,Caras-Severin
Cugir,Alba
Sacele,Brasov
Campia Turzii,Cluj
Tarnaveni,Mures
Sebes,Alba
Aiud,Alba
Petrila,Hunedoara
Borsa,Maramures
Zarnesti,Brasov
Comanesti,Bacau
Motru,Gorj
Carei,Satu Mare
Moinesti,Bacau
Codlea,Brasov
Orastie,Hunedoara
Gherla,Cluj
Bals,Olt
Moreni,Dambovita
Targu Neamt,Neamt
Dragasani,Valcea
Targu Secuiesc,Covasna
Bailesti,Dolj
Buhusi,Bacau
Corabia,Olt
Campulung Moldovenesc,Suceava
Blaj,Alba
Gheorgheni,Harghita
Calafat,Dolj
Adjud,Vrancea
Cernavoda,Constanta
Baicoi,Prahova
Filiasi,Dolj
Salonta,Bihor
Buftea,Ilfov
Urziceni,Ialomita
Bocsa,Caras-Severin
Breaza,Prahova
Marghita,Bihor
Ludus,Mures
Viseu de Sus,Maramures
Brad,Hunedoara
Vatra Dornei,Suceava
Cisnadie,Sibiu
Mizil,Prahova
Simleu Silvaniei,Salaj
Toplita,Harghita
Zimnicea,Teleorman
Gura Humorului,Suceava
Gaesti,Dambovita
Pucioasa,Dambovita
Negresti-Oas,Satu Mare
Rasnov,Brasov
Avrig,Sibiu
Baia Sprie,Maramures
Ocna Mures,Alba
Orsova,Mehedinti
Oravita,Caras-Severin
Moldova Noua,Caras-Severin
Calan,Hunedoara
Sinaia,Prahova
Tandarei,Ialomita
Simeria,Hunedoara
Darmanesti,Bacau
Targu Ocna,Bacau
Targu Lapus,Maramures
Valenii de Munte,Prahova
Targu Frumos,Iasi
Scornicesti,Olt
Comarnic,Prahova
Ovidiu,Constanta
Draganesti-Olt,Olt
Otelu Rosu,Caras-Severin
Marasesti,Vrancea
Sannicolau Mare,Timis
Ianca,Braila
Nehoiu,Buzau
Rovinari,Gorj
Strehaia,Mehedinti
Hateg,Hunedoara
Videle,Teleorman
Covasna,Covasna
Jibou,Salaj
Harlau,Iasi
Sovata,Mures
Uricani,Hunedoara
Agnita,Sibiu
Costesti,Arges
Beius,Bihor
Beclean,Bistrita-Nasaud
Darabani,Botosani
Bumbesti-Jiu,Gorj
Urlati,Prahova
Macin,Tulcea
Busteni,Prahova
Boldesti-Scaeni,Prahova
Lipova,Arad
Bolintin-Vale,Giurgiu
Nasaud,Bistrita-Nasaud
Cristuru Secuiesc,Harghita
Harsova,Constanta
Basarabi,Constanta
Victoria,Brasov
Babadag,Tulcea
Alesd,Bihor
Titu,Dambovita
Sangeorz-Bai,Bistrita-Nasaud
Valea lui Mihai,Bihor
Anina,Caras-Severin
Otopeni,Ilfov
Jimbolia,Timis
Negresti,Vaslui
Baraolt,Covasna
Ineu,Arad
Topoloveni,Arges
Tasnad,Satu Mare
Plopeni,Prahova
Siret,Suceava
Huedin,Cluj
Panciu,Vrancea
Iernut,Mures
Curtici,Arad
Budesti,Calarasi
Stei,Bihor
Seini,Maramures
Targu Carbunesti,Gorj
Balan,Harghita
Eforie,Constanta
Zlatna,Alba
Talmaciu,Sibiu
Intorsura Buzaului,Covasna
Calimanesti-Caciulata,Valcea
Bicaz,Neamt
Dumbraveni,Sibiu
Chisineu-Cris,Arad
Segarcea,Dolj
Saveni,Botosani
Campeni,Alba
Cehu Silvaniei,Salaj
Nadlac,Arad
Dealu,Giurgiu
Buzias,Timis
Fieni,Dambovita
Targu Bujor,Galati
Odobesti,Vrancea
Pogoanele,Buzau
Brezoi,Valcea
Tismana,Gorj
Faget,Timis
Insuratei,Braila
Horezu,Valcea
Pancota,Arad
Vlahita,Harghita
Techirghiol,Constanta
Teius,Alba
Slanic,Prahova
Mihailesti,Giurgiu
Vanju Mare,Mehedinti
Deta,Timis
Sebis,Arad
Abrud,Alba
Predeal,Brasov
Lehliu Gara,Calarasi
Piatra Olt,Olt
Geoagiu,Hunedoara
Rupea,Brasov
Fundulea,Calarasi
Novaci,Gorj
Azuga,Prahova
Aninoasa,Hunedoara
Baile Herculane,Caras-Severin
Baia de Arama,Mehedinti
Isaccea,Tulcea
Negru Voda,Constanta
Cavnic,Maramures
Slanic Moldova,Bacau
Ticleni,Gorj
Copsa Mica,Sibiu
Sulina,Tulcea
Baia de Aries,Alba
Baile Olanesti,Valcea
Solca,Suceava
Faurei,Braila
Ocna Sibiului,Sibiu
Beresti,Galati
Ocnele Mari,Valcea
Baile Govora,Valcea
Borsec,Harghita
Vascau,Bihor
Nucet,Bihor
Baile Tusnad,Harghita